frame,source,width,height,bytes
1,01.jpg,204,204,14297
2,02.jpg,206,204,14517
3,03.jpg,204,204,14210
4,04.jpg,206,204,14102
5,05.jpg,204,204,13866
6,06.jpg,204,204,13934
7,07.jpg,206,204,13954
8,08.jpg,204,204,14314
9,09.jpg,206,204,14578
10,10.jpg,204,204,13932
11,11.jpg,204,206,14285
12,12.jpg,206,206,14495
13,13.jpg,204,206,14428
14,14.jpg,206,206,14596
15,15.jpg,204,206,14417
16,16.jpg,204,206,14273
17,17.jpg,206,206,14453
18,18.jpg,204,206,14873
19,19.jpg,206,206,14838
20,20.jpg,204,206,14340
21,21.jpg,204,204,14535
22,22.jpg,206,204,14813
23,23.jpg,204,204,15249
24,24.jpg,206,204,14889
25,25.jpg,204,204,14823
26,26.jpg,204,204,14810
27,27.jpg,206,204,14796
28,28.jpg,204,204,15037
29,29.jpg,206,204,15011
30,30.jpg,204,204,14446
31,31.jpg,204,206,14562
32,32.jpg,206,206,14805
33,33.jpg,204,206,15036
34,34.jpg,206,206,14922
35,35.jpg,204,206,14783
36,36.jpg,204,206,14996
37,37.jpg,206,206,14830
38,38.jpg,204,206,14991
39,39.jpg,206,206,15043
40,40.jpg,204,206,14573
41,41.jpg,204,204,14552
42,42.jpg,206,204,14853
43,43.jpg,204,204,14731
44,44.jpg,206,204,14872
45,45.jpg,204,204,14633
46,46.jpg,204,204,14693
47,47.jpg,206,204,14645
48,48.jpg,204,204,15011
49,49.jpg,206,204,14873
50,50.jpg,204,204,14411
51,51.jpg,204,204,14332
52,52.jpg,206,204,14583
53,53.jpg,204,204,15467
54,54.jpg,206,204,15671
55,55.jpg,204,204,15474
56,56.jpg,204,204,15541
57,57.jpg,206,204,15151
58,58.jpg,204,204,13956
59,59.jpg,206,204,14146
60,60.jpg,204,204,12181
61,61.jpg,204,206,11714
62,62.jpg,206,206,11808
63,63.jpg,204,206,14645
64,64.jpg,206,206,14908
65,65.jpg,204,206,14903
66,66.jpg,204,206,14430
67,67.jpg,206,206,14186
68,68.jpg,204,206,14874
69,69.jpg,206,206,14886
70,70.jpg,204,206,14478
71,71.jpg,204,204,14459
72,72.jpg,206,204,14480
73,73.jpg,204,204,14913
74,74.jpg,206,204,14850
75,75.jpg,204,204,14687
76,76.jpg,204,204,14697
77,77.jpg,206,204,14774
78,78.jpg,204,204,14909
79,79.jpg,206,204,15156
80,80.jpg,204,204,14346
81,81.jpg,204,206,14631
82,82.jpg,206,206,13195
83,83.jpg,204,206,13036
84,84.jpg,206,206,13804
85,85.jpg,204,206,13427
86,86.jpg,204,206,12529
87,87.jpg,206,206,12512
88,88.jpg,204,206,14212
89,89.jpg,206,206,12398
90,90.jpg,204,206,13895
91,91.jpg,204,204,13423
92,92.jpg,206,204,12800
93,93.jpg,204,204,12972
94,94.jpg,206,204,13040
95,95.jpg,204,204,12788
96,96.jpg,204,204,14605
97,97.jpg,206,204,14848
98,98.jpg,204,204,14712
99,99.jpg,206,204,14079
100,100.jpg,204,204,13420
101,101.jpg,204,204,16902
102,102.jpg,206,204,17434
103,103.jpg,204,204,17509
104,104.jpg,206,204,17472
105,105.jpg,204,204,17299
106,106.jpg,204,204,17077
107,107.jpg,206,204,17435
108,108.jpg,204,204,17423
109,109.jpg,206,204,17694
110,110.jpg,204,204,17130
111,111.jpg,204,206,17416
112,112.jpg,206,206,16676
113,113.jpg,204,206,12624
114,114.jpg,206,206,14258
115,115.jpg,204,206,12695
116,116.jpg,204,206,13975
117,117.jpg,206,206,17643
118,118.jpg,204,206,16416
119,119.jpg,206,206,18360
120,120.jpg,204,206,16232
121,121.jpg,204,204,16287
122,122.jpg,206,204,17621
123,123.jpg,204,204,15502
124,124.jpg,206,204,16377
125,125.jpg,204,204,15706
126,126.jpg,204,204,14861
127,127.jpg,206,204,17208
128,128.jpg,204,204,11418
129,129.jpg,206,204,14433
130,130.jpg,204,204,15866
131,131.jpg,204,206,16251
132,132.jpg,206,206,16317
133,133.jpg,204,206,13637
134,134.jpg,206,206,17288
135,135.jpg,204,206,15454
136,136.jpg,204,206,16513
137,137.jpg,206,206,16753
138,138.jpg,204,206,16686
139,139.jpg,206,206,17049
140,140.jpg,204,206,16702
141,141.jpg,204,204,16265
142,142.jpg,206,204,16538
143,143.jpg,204,204,16709
144,144.jpg,206,204,15030
145,145.jpg,204,204,16066
146,146.jpg,204,204,16303
147,147.jpg,206,204,14397
148,148.jpg,204,204,15573
149,149.jpg,206,204,15363
150,150.jpg,204,204,15883
151,151.jpg,204,204,14750
152,152.jpg,206,204,15253
153,153.jpg,204,204,15566
154,154.jpg,206,204,15559
155,155.jpg,204,204,15497
156,156.jpg,204,204,15890
157,157.jpg,206,204,15871
158,158.jpg,204,204,14837
159,159.jpg,206,204,14313
160,160.jpg,204,204,12214
161,161.jpg,204,206,11875
162,162.jpg,206,206,12125
163,163.jpg,204,206,13413
164,164.jpg,206,206,15526
165,165.jpg,204,206,13627
166,166.jpg,204,206,10956
167,167.jpg,206,206,14246
168,168.jpg,204,206,14328
169,169.jpg,206,206,14631
170,170.jpg,204,206,14367
171,171.jpg,204,204,14799
172,172.jpg,206,204,15640
173,173.jpg,204,204,15961
174,174.jpg,206,204,16609
175,175.jpg,204,204,15797
176,176.jpg,204,204,15315
177,177.jpg,206,204,13286
178,178.jpg,204,204,17053
179,179.jpg,206,204,16499
180,180.jpg,204,204,16694
181,181.jpg,204,206,15342
182,182.jpg,206,206,13525
183,183.jpg,204,206,12344
184,184.jpg,206,206,13688
185,185.jpg,204,206,13514
186,186.jpg,204,206,12084
187,187.jpg,206,206,12568
188,188.jpg,204,206,14285
189,189.jpg,206,206,11206
190,190.jpg,204,206,13909
191,191.jpg,204,204,13453
192,192.jpg,206,204,12575
193,193.jpg,204,204,12009
194,194.jpg,206,204,12486
195,195.jpg,204,204,11969
196,196.jpg,204,204,14694
197,197.jpg,206,204,14914
198,198.jpg,204,204,14875
199,199.jpg,206,204,12454
200,200.jpg,204,204,13649
201,201.jpg,204,204,16878
202,202.jpg,206,204,17389
203,203.jpg,204,204,17446
204,204.jpg,206,204,17386
205,205.jpg,204,204,17237
206,206.jpg,204,204,16947
207,207.jpg,206,204,17368
208,208.jpg,204,204,17330
209,209.jpg,206,204,17602
210,210.jpg,204,204,17111
211,211.jpg,204,206,17256
212,212.jpg,206,206,16644
213,213.jpg,204,206,14410
214,214.jpg,206,206,14299
215,215.jpg,204,206,12689
216,216.jpg,204,206,13930
217,217.jpg,206,206,16749
218,218.jpg,204,206,16220
219,219.jpg,206,206,17611
220,220.jpg,204,206,16046
221,221.jpg,204,204,16101
222,222.jpg,206,204,17372
223,223.jpg,204,204,15469
224,224.jpg,206,204,16227
225,225.jpg,204,204,15581
226,226.jpg,204,204,14958
227,227.jpg,206,204,17070
228,228.jpg,204,204,16342
229,229.jpg,206,204,16365
230,230.jpg,204,204,15783
231,231.jpg,204,206,16205
232,232.jpg,206,206,16277
233,233.jpg,204,206,16572
234,234.jpg,206,206,17139
235,235.jpg,204,206,15509
236,236.jpg,204,206,16485
237,237.jpg,206,206,16786
238,238.jpg,204,206,17032
239,239.jpg,206,206,16991
240,240.jpg,204,206,16756
241,241.jpg,204,204,16302
242,242.jpg,206,204,16696
243,243.jpg,204,204,16730
244,244.jpg,206,204,15311
245,245.jpg,204,204,15997
246,246.jpg,204,204,16282
247,247.jpg,206,204,14276
248,248.jpg,204,204,14971
249,249.jpg,206,204,15057
250,250.jpg,204,204,15392
251,251.jpg,204,204,14805
252,252.jpg,206,204,15324
253,253.jpg,204,204,15645
254,254.jpg,206,204,15506
255,255.jpg,204,204,15446
256,256.jpg,204,204,15739
257,257.jpg,206,204,12537
258,258.jpg,204,204,14120
259,259.jpg,206,204,14241
260,260.jpg,204,204,12065
261,261.jpg,204,206,11904
262,262.jpg,206,206,11601
263,263.jpg,204,206,13556
264,264.jpg,206,206,12042
265,265.jpg,204,206,13591
266,266.jpg,204,206,12016
267,267.jpg,206,206,14670
268,268.jpg,204,206,14520
269,269.jpg,206,206,14431
270,270.jpg,204,206,13474
271,271.jpg,204,204,13928
272,272.jpg,206,204,14418
273,273.jpg,204,204,14111
274,274.jpg,206,204,14785
275,275.jpg,204,204,13666
276,276.jpg,204,204,14549
277,277.jpg,206,204,13160
278,278.jpg,204,204,16975
279,279.jpg,206,204,16480
280,280.jpg,204,204,16582
281,281.jpg,204,206,15251
282,282.jpg,206,206,13425
283,283.jpg,204,206,13276
284,284.jpg,206,206,13458
285,285.jpg,204,206,13483
286,286.jpg,204,206,12849
287,287.jpg,206,206,12641
288,288.jpg,204,206,14276
289,289.jpg,206,206,11975
290,290.jpg,204,206,13907
291,291.jpg,204,204,13478
292,292.jpg,206,204,12938
293,293.jpg,204,204,13131
294,294.jpg,206,204,13171
295,295.jpg,204,204,13092
296,296.jpg,204,204,14625
297,297.jpg,206,204,14889
298,298.jpg,204,204,14793
299,299.jpg,206,204,14087
300,300.jpg,204,204,13643